Country,Latitude,Longitude,"Density
(P/Km2)",Agricultural Land( %),Land Area(Km2),Armed Forces size,Birth Rate,Calling Code,Capital/Major City,Co2-Emissions,CPI,CPI Change (%),Currency-Code,Fertility Rate,Forested Area (%),Gasoline Price,GDP,Gross primary education enrollment (%),Gross tertiary education enrollment (%),Infant mortality,Largest city,Life expectancy,Maternal mortality ratio,Minimum wage,Official language,Out of pocket health expenditure,Physicians per thousand,Population,Population: Labor force participation (%),Tax revenue (%),Total tax rate,Unemployment rate,Urban_population,country-code,region,sub-region,alpha-2,alpha-3,GDP per Capita,CO2 Emissions per Capita
Afghanistan,33.939,67.71,60,58.1,652230.0,323000.0,32.49,93.0,Kabul,8672.0,149.9,2.3,AFN,4.47,2.1,0.7,19101353833.0,104.0,9.7,47.9,Kabul,64.5,638.0,0.43,Pashto,0.784,0.28,38041754.0,48.9,9.3,0.714,11.12,9797273.0,4,Asia,Southern Asia,AF,AFG,502.115,0.228
Albania,41.153,20.168,105,43.1,28748.0,9000.0,11.78,355.0,Tirana,4536.0,119.05,1.4,ALL,1.62,28.1,1.36,15278077447.0,107.0,55.0,7.8,Tirana,78.5,15.0,1.12,Albanian,0.569,1.2,2854191.0,55.7,18.6,0.366,12.33,1747593.0,8,Europe,Southern Europe,AL,ALB,5352.857,1.589
Algeria,28.034,1.66,18,17.4,2381741.0,317000.0,24.28,213.0,Algiers,150006.0,151.36,2.0,DZD,3.02,0.8,0.28,169988236398.0,109.9,51.4,20.1,Algiers,76.7,112.0,0.95,Arabic,0.281,1.72,43053054.0,41.2,37.2,0.661,11.7,31510100.0,12,Africa,Northern Africa,DZ,DZA,3948.343,3.484
Andorra,42.506,1.522,164,40.0,468.0,,7.2,376.0,Andorra la Vella,469.0,,,EUR,1.27,34.0,1.51,3154057987.0,106.4,64.3,2.7,Andorra la Vella,84.0,,6.63,Catalan,0.364,3.33,77142.0,,,,,67873.0,20,Europe,Southern Europe,AD,AND,40886.391,6.08
Angola,-11.203,17.874,26,47.5,1246700.0,117000.0,40.73,244.0,Luanda,34693.0,261.73,17.1,AOA,5.52,46.3,0.97,94635415870.0,113.5,9.3,51.6,Luanda,60.8,241.0,0.71,Portuguese,0.334,0.21,31825295.0,77.5,9.2,0.491,6.89,21061025.0,24,Africa,Sub-Saharan Africa,AO,AGO,2973.591,1.09
Antigua and Barbuda,17.061,-61.796,223,20.5,443.0,0.0,15.33,1.0,"St. John's, Saint John",557.0,113.81,1.2,XCD,1.99,22.3,0.99,1727759259.0,105.0,24.8,5.0,"St. John's, Saint John",76.9,42.0,3.04,English,0.243,2.76,97118.0,,16.5,0.43,,23800.0,28,Americas,Latin America and the Caribbean,AG,ATG,17790.309,5.735
Argentina,-38.416,-63.617,17,54.3,2780400.0,105000.0,17.02,54.0,Buenos Aires,201348.0,232.75,53.5,ARS,2.26,9.8,1.1,449663446954.0,109.7,90.0,8.8,Buenos Aires,76.5,39.0,3.35,Spanish,0.176,3.96,44938712.0,61.3,10.1,1.063,9.79,41339571.0,32,Americas,Latin America and the Caribbean,AR,ARG,10006.149,4.481
Armenia,40.069,45.038,104,58.9,29743.0,49000.0,13.99,374.0,Yerevan,5156.0,129.18,1.4,AMD,1.76,11.7,0.77,13672802158.0,92.7,54.6,11.0,Yerevan,74.9,26.0,0.66,Armenian,0.816,4.4,2957731.0,55.6,20.9,0.226,16.99,1869848.0,51,Asia,Western Asia,AM,ARM,4622.733,1.743
Australia,-25.274,133.775,3,48.2,7741220.0,58000.0,12.6,61.0,Canberra,375908.0,119.8,1.6,AUD,1.74,16.3,0.93,1392680589329.0,100.3,113.1,3.1,Sydney,82.7,6.0,13.59,,0.196,3.68,25766605.0,65.5,23.0,0.474,5.27,21844756.0,36,Oceania,Australia and New Zealand,AU,AUS,54049.829,14.589
Austria,47.516,14.55,109,32.4,83871.0,21000.0,9.7,43.0,Vienna,61448.0,118.06,1.5,EUR,1.47,46.9,1.2,446314739528.0,103.1,85.1,2.9,Vienna,81.6,5.0,,German,0.179,5.17,8877067.0,60.7,25.4,0.514,4.67,5194416.0,40,Europe,Western Europe,AT,AUT,50277.275,6.922
Azerbaijan,40.143,47.577,123,57.7,86600.0,82000.0,14.0,994.0,Baku,37620.0,156.32,2.6,AZN,1.73,14.1,0.56,39207000000.0,99.7,27.7,19.2,Baku,72.9,26.0,0.47,Azerbaijani language,0.786,3.45,10023318.0,66.5,13.0,0.407,5.51,5616165.0,31,Asia,Western Asia,AZ,AZE,3911.579,3.753
The Bahamas,25.034,-77.396,39,1.4,13880.0,1000.0,13.97,1.0,"Nassau, Bahamas",1786.0,116.22,2.5,,1.75,51.4,0.92,12827000000.0,81.4,15.1,8.3,"Nassau, Bahamas",73.8,70.0,5.25,English,0.278,1.94,389482.0,74.6,14.8,0.338,10.36,323784.0,44,Americas,Latin America and the Caribbean,BS,BHS,32933.486,4.586
Bahrain,26.067,50.558,2239,11.1,765.0,19000.0,13.99,973.0,Manama,31694.0,117.59,2.1,BHD,1.99,0.8,0.43,38574069149.0,99.4,50.5,6.1,Riffa,77.2,14.0,,Arabic,0.251,0.93,1501635.0,73.4,4.2,0.138,0.71,1467109.0,48,Asia,Western Asia,BH,BHR,25688.046,21.106
Bangladesh,23.685,90.356,1265,70.6,148460.0,221000.0,18.18,880.0,Dhaka,84246.0,179.68,5.6,BDT,2.04,11.0,1.12,302571254131.0,116.5,20.6,25.1,Dhaka,72.3,173.0,0.51,Bengali,0.718,0.58,167310838.0,59.0,8.8,0.334,4.19,60987417.0,50,Asia,Southern Asia,BD,BGD,1808.438,0.504
Barbados,13.194,-59.543,668,23.3,430.0,1000.0,10.65,1.0,Bridgetown,1276.0,134.09,4.1,BBD,1.62,14.7,1.81,5209000000.0,99.4,65.4,11.3,Bridgetown,79.1,27.0,3.13,English,0.452,2.48,287025.0,65.2,27.5,0.356,10.33,89431.0,52,Americas,Latin America and the Caribbean,BB,BRB,18148.245,4.446
Belarus,53.71,27.953,47,42.0,207600.0,155000.0,9.9,375.0,Minsk,58280.0,,5.6,BYN,1.45,42.6,0.6,63080457023.0,100.5,87.4,2.6,Minsk,74.2,2.0,1.49,Russian,0.345,5.19,9466856.0,64.1,14.7,0.533,4.59,7482982.0,112,Europe,Eastern Europe,BY,BLR,6663.295,6.156
Belgium,50.504,4.47,383,44.6,30528.0,32000.0,10.3,32.0,City of Brussels,96889.0,117.11,1.4,EUR,1.62,22.6,1.43,529606710418.0,103.9,79.7,2.9,Brussels,81.6,5.0,10.31,French,0.176,3.07,11484055.0,53.6,24.0,0.554,5.59,11259082.0,56,Europe,Western Europe,BE,BEL,46116.699,8.437
Belize,17.19,-88.498,17,7.0,22966.0,2000.0,20.79,501.0,Belmopan,568.0,105.68,-0.9,BZD,2.31,59.7,1.13,1879613600.0,111.7,24.7,11.2,Belize City,74.5,36.0,1.65,English,0.227,1.12,390353.0,65.1,26.3,0.311,6.41,179039.0,84,Americas,Latin America and the Caribbean,BZ,BLZ,4815.164,1.455
Benin,9.308,2.316,108,33.3,112622.0,12000.0,36.22,229.0,Porto-Novo,6476.0,110.71,-0.9,XOF,4.84,37.8,0.72,14390709095.0,122.0,12.3,60.5,Cotonou,61.5,397.0,0.39,French,0.405,0.08,11801151.0,70.9,10.8,0.489,2.23,5648149.0,204,Africa,Sub-Saharan Africa,BJ,BEN,1219.433,0.549
Bhutan,27.514,90.434,20,13.6,38394.0,6000.0,17.26,975.0,Thimphu,1261.0,167.18,2.7,,1.98,72.5,0.98,2446674101.0,100.1,15.6,24.8,Thimphu,71.5,183.0,0.32,Dzongkha,0.198,0.42,727145.0,66.7,16.0,0.353,2.34,317538.0,64,Asia,Southern Asia,BT,BTN,3364.768,1.734
Bolivia,-16.29,-63.589,11,34.8,1098581.0,71000.0,21.75,591.0,Sucre,21606.0,148.32,1.8,BOB,2.73,50.3,0.71,40895322865.0,98.2,,21.8,Santa Cruz de la Sierra,71.2,155.0,1.36,Spanish,0.259,1.59,11513100.0,71.8,17.0,0.837,3.5,8033035.0,68,Americas,Latin America and the Caribbean,BO,BOL,3552.069,1.877
Bosnia and Herzegovina,43.916,17.679,64,43.1,51197.0,11000.0,8.11,387.0,Sarajevo,21848.0,104.9,0.6,BAM,1.27,42.7,1.05,20047848435.0,87.0,23.3,5.0,Tuzla Canton,77.3,10.0,1.04,Bosnian,0.286,2.16,3301000.0,46.4,20.4,0.237,18.42,1605144.0,70,Europe,Southern Europe,BA,BIH,6073.265,6.619
Botswana,-22.328,24.685,4,45.6,581730.0,9000.0,24.82,267.0,Gaborone,6340.0,149.75,2.8,BWP,2.87,18.9,0.71,18340510789.0,103.2,24.9,30.0,Gaborone,69.3,144.0,0.29,English,0.053,0.37,2346179.0,70.8,19.5,0.251,18.19,1616550.0,72,Africa,Sub-Saharan Africa,BW,BWA,7817.183,2.702
Brazil,-14.235,-51.925,25,33.9,8515770.0,730000.0,13.92,55.0,Brasília,462299.0,167.4,3.7,BRL,1.73,58.9,1.02,1839758040766.0,115.4,51.3,12.8,São Paulo,75.7,60.0,1.53,Portuguese,0.283,2.15,212559417.0,63.9,14.2,0.651,12.08,183241641.0,76,Americas,Latin America and the Caribbean,BR,BRA,8655.265,2.175
Brunei,4.535,114.728,83,2.7,5765.0,8000.0,14.9,673.0,Bandar Seri Begawan,7664.0,99.03,-0.4,BND,1.85,72.1,0.37,13469422941.0,103.2,31.4,9.8,,75.7,31.0,,Malay,0.06,1.61,433285.0,64.7,,0.08,9.12,337711.0,96,Asia,South-eastern Asia,BN,BRN,31086.751,17.688
Bulgaria,42.734,25.486,64,46.3,110879.0,31000.0,8.9,359.0,Sofia,41708.0,114.42,3.1,BGN,1.56,35.4,1.11,86000000000.0,89.3,71.0,5.9,Sofia,74.9,10.0,1.57,Bulgarian,0.477,4.03,6975761.0,55.4,20.2,0.283,4.34,5256027.0,100,Europe,Eastern Europe,BG,BGR,12328.404,5.979
Burkina Faso,12.238,-1.562,76,44.2,274200.0,11000.0,37.93,226.0,Ouagadougou,3418.0,106.58,-3.2,XOF,5.19,19.3,0.98,15745810235.0,96.1,6.5,49.0,Ouagadougou,61.2,320.0,0.34,French,0.361,0.08,20321378.0,66.4,15.0,0.413,6.26,6092349.0,854,Africa,Sub-Saharan Africa,BF,BFA,774.84,0.168
Burundi,-3.373,29.919,463,79.2,27830.0,31000.0,39.01,257.0,Bujumbura,495.0,182.11,-0.7,BIF,5.41,10.9,1.21,3012334882.0,121.4,6.1,41.0,Bujumbura,61.2,548.0,,Kirundi,0.191,0.1,11530580.0,79.2,13.6,0.412,1.43,1541177.0,108,Africa,Sub-Saharan Africa,BI,BDI,261.247,0.043
Ivory Coast,7.54,-5.547,83,64.8,322463.0,27000.0,35.74,225.0,Yamoussoukro,9674.0,111.61,-0.9,XOF,4.65,32.7,0.93,58792205642.0,99.8,9.3,59.4,Abidjan,57.4,617.0,0.36,French,0.36,0.23,25716544.0,57.0,11.8,0.501,3.32,13176900.0,384,Africa,Sub-Saharan Africa,CI,CIV,2286.163,0.376
Cape Verde,16.539,-23.042,138,19.6,4033.0,1000.0,19.49,238.0,Praia,543.0,110.5,1.1,CVE,2.27,22.5,1.02,1981845741.0,104.0,23.6,16.7,Praia,72.8,58.0,0.68,Portuguese,0.232,0.77,483628.0,60.5,20.1,0.375,12.25,364029.0,132,Africa,Sub-Saharan Africa,CV,CPV,4097.872,1.123
Cambodia,12.566,104.991,95,30.9,181035.0,191000.0,22.46,855.0,Phnom Penh,9919.0,127.63,2.5,,2.5,52.9,0.9,27089389787.0,107.4,13.7,24.0,Phnom Penh,69.6,160.0,,Khmer language,0.594,0.17,16486542.0,82.3,17.1,0.231,0.68,3924621.0,116,Asia,South-eastern Asia,KH,KHM,1643.121,0.602
Cameroon,7.37,12.355,56,20.6,475440.0,24000.0,35.39,237.0,Yaoundé,8291.0,118.65,2.5,XAF,4.57,39.3,1.03,38760467033.0,103.4,12.8,50.6,Douala,58.9,529.0,0.35,French,0.697,0.09,25876380.0,76.1,12.8,0.577,3.38,14741256.0,120,Africa,Sub-Saharan Africa,CM,CMR,1497.909,0.32
Canada,56.13,-106.347,4,6.9,9984670.0,72000.0,10.1,1.0,Ottawa,544894.0,116.76,1.9,CAD,1.5,38.2,0.81,1736425629520.0,100.9,68.9,4.3,Toronto,81.9,10.0,9.51,French,0.146,2.61,36991981.0,65.1,12.8,0.245,5.56,30628482.0,124,Americas,Northern America,CA,CAN,46940.596,14.73
Central African Republic,6.611,20.939,8,8.2,622984.0,8000.0,35.35,236.0,Bangui,297.0,186.86,37.1,,4.72,35.6,1.41,2220307369.0,102.0,3.0,84.5,Bangui,52.8,829.0,0.37,French,0.396,0.06,4745185.0,72.0,8.6,0.733,3.68,1982064.0,140,Africa,Sub-Saharan Africa,CF,CAF,467.907,0.063
Chad,15.454,18.732,13,39.7,1284000.0,35000.0,42.17,235.0,N'Djamena,1016.0,117.7,-1.0,XAF,5.75,3.8,0.78,11314951343.0,86.8,3.3,71.4,N'Djamena,54.0,1140.0,0.6,French,0.564,0.04,15946876.0,70.7,,0.635,1.89,3712273.0,148,Africa,Sub-Saharan Africa,TD,TCD,709.54,0.064
Chile,-35.675,-71.543,26,21.2,756096.0,122000.0,12.43,56.0,Santiago,85822.0,131.91,2.6,CLP,1.65,24.3,1.03,282318159745.0,101.4,88.5,6.2,Santiago,80.0,13.0,2.0,Spanish,0.322,2.59,18952038.0,62.6,18.2,0.34,7.09,16610135.0,152,Americas,Latin America and the Caribbean,CL,CHL,14896.454,4.528
China,35.862,104.195,153,56.2,9596960.0,2695000.0,10.9,86.0,Beijing,9893038.0,125.08,2.9,CNY,1.69,22.4,0.96,19910000000000.0,100.2,50.6,7.4,Shanghai,77.0,29.0,0.87,Standard Chinese,0.324,1.98,1397715000.0,68.0,9.4,0.592,4.32,842933962.0,156,Asia,Eastern Asia,CN,CHN,14244.678,7.078
Colombia,4.571,-74.297,46,40.3,1138910.0,481000.0,14.88,57.0,Bogotá,97814.0,140.95,3.5,COP,1.81,52.7,0.68,323802808108.0,114.5,55.3,12.2,BogotÔøΩ,77.1,83.0,1.23,Spanish,0.183,2.18,50339443.0,68.8,14.4,0.712,9.71,40827302.0,170,Americas,Latin America and the Caribbean,CO,COL,6432.388,1.943
Comoros,-11.646,43.333,467,71.5,2235.0,,31.88,269.0,"Moroni, Comoros",202.0,103.62,-4.3,KMF,4.21,19.7,,1185728677.0,99.5,9.0,51.3,"Moroni, Comoros",64.1,273.0,0.71,French,0.748,0.27,850886.0,43.3,,2.196,4.34,248152.0,174,Africa,Sub-Saharan Africa,KM,COM,1393.522,0.237
Republic of the Congo,-0.228,15.828,16,31.1,342000.0,12000.0,32.86,242.0,Brazzaville,3282.0,124.74,2.2,XAF,4.43,65.4,0.97,10820591131.0,106.6,12.7,36.2,Brazzaville,64.3,378.0,0.88,French,0.438,0.12,5380508.0,69.4,9.0,0.543,9.47,3625010.0,178,Africa,Sub-Saharan Africa,CG,COG,2011.072,0.61
Costa Rica,9.749,-83.753,100,34.5,51100.0,10000.0,13.97,506.0,San José,8023.0,128.85,2.1,CRC,1.75,54.6,0.98,61773944174.0,113.3,55.2,7.6,San José,80.1,27.0,1.84,Spanish,0.215,2.89,5047561.0,62.1,13.6,0.583,11.85,4041885.0,188,Americas,Latin America and the Caribbean,CR,CRI,12238.375,1.589
Croatia,45.1,15.2,73,27.6,56594.0,18000.0,9.0,385.0,Zagreb,17488.0,109.82,0.8,HRK,1.47,34.4,1.26,60415553039.0,96.5,67.9,4.0,Zagreb,78.1,8.0,2.92,Croatian,0.152,3.0,4067500.0,51.2,22.0,0.205,6.93,2328318.0,191,Europe,Southern Europe,HR,HRV,14853.24,4.299
Cuba,21.522,-77.781,106,59.9,110860.0,76000.0,10.17,53.0,Havana,28284.0,,,CUP,1.62,31.3,1.4,100023000000.0,101.9,41.4,3.7,Havana,78.7,36.0,0.05,Spanish,,8.42,11333483.0,53.6,,,1.64,8739135.0,192,Americas,Latin America and the Caribbean,CU,CUB,8825.442,2.496
Cyprus,35.126,33.43,131,12.2,9251.0,16000.0,10.46,357.0,Nicosia,6626.0,102.51,0.3,EUR,1.33,18.7,1.23,24564647935.0,99.3,75.9,1.9,Nicosia,80.8,6.0,,Greek,0.439,1.95,1198575.0,63.1,24.5,0.224,7.27,800708.0,196,Asia,Western Asia,CY,CYP,20494.878,5.528
Czech Republic,49.817,15.473,139,45.2,78867.0,23000.0,10.7,420.0,Prague,102218.0,116.48,2.8,CZK,1.69,34.6,1.17,246489245495.0,100.7,64.1,2.7,Prague,79.0,3.0,3.0,Czech,0.148,4.12,10669709.0,60.6,14.9,0.461,1.93,7887156.0,203,Europe,Eastern Europe,CZ,CZE,23101.778,9.58
Democratic Republic of the Congo,-4.038,21.759,40,11.6,2344858.0,134000.0,41.18,243.0,Kinshasa,2021.0,133.85,2.9,CDF,5.92,67.2,1.49,47319624204.0,108.0,6.6,68.2,Kinshasa,60.4,473.0,0.18,French,0.374,0.07,86790567.0,63.5,10.7,0.507,4.24,39095679.0,180,Africa,Sub-Saharan Africa,CD,COD,545.216,0.023
Denmark,56.264,9.502,137,62.0,43094.0,15000.0,10.6,45.0,Copenhagen,31786.0,110.35,0.8,DKK,1.73,14.7,1.55,348078018464.0,101.3,80.6,3.6,Copenhagen,81.0,4.0,,Danish,0.137,4.01,5818553.0,62.2,32.4,0.238,4.91,5119978.0,208,Europe,Northern Europe,DK,DNK,59822.093,5.463
Djibouti,11.825,42.59,43,73.4,23200.0,13000.0,21.47,253.0,Djibouti City,620.0,120.25,3.3,DJF,2.73,0.2,1.32,3318716359.0,75.3,5.3,49.8,Djibouti City,66.6,248.0,,French,0.204,0.22,973560.0,60.2,,0.379,10.3,758549.0,262,Africa,Sub-Saharan Africa,DJ,DJI,3408.846,0.637
Dominica,15.415,-61.371,96,33.3,751.0,,12.0,1.0,Roseau,180.0,103.87,1.0,XCD,1.9,57.4,,596033333.0,114.7,7.2,32.9,Roseau,76.6,,1.48,English,0.284,1.08,71808.0,,22.1,0.326,,50830.0,212,Americas,Latin America and the Caribbean,DM,DMA,8300.375,2.507
Dominican Republic,18.736,-70.163,225,48.7,48670.0,71000.0,19.51,1.0,Santo Domingo,25258.0,135.5,1.8,DOP,2.35,41.7,1.07,88941298258.0,105.7,59.9,24.1,Santo Domingo,73.9,95.0,0.4,Spanish,0.437,1.56,10738958.0,64.3,13.0,0.488,5.84,8787475.0,214,Americas,Latin America and the Caribbean,DO,DOM,8282.116,2.352
Ecuador,-1.831,-78.183,71,22.2,283561.0,41000.0,19.72,593.0,Quito,41155.0,124.14,0.3,USD,2.43,50.2,0.61,107435665000.0,103.3,44.9,12.2,Quito,76.8,59.0,2.46,Spanish,0.437,2.04,17373662.0,68.0,,0.344,3.97,11116711.0,218,Americas,Latin America and the Caribbean,EC,ECU,6183.824,2.369
Egypt,26.821,30.802,103,3.8,1001450.0,836000.0,26.38,20.0,Cairo,238560.0,288.57,9.2,EGP,3.33,0.1,0.4,303175127598.0,106.3,35.2,18.1,Cairo,71.8,37.0,,Modern Standard Arabic,0.62,0.45,100388073.0,46.4,12.5,0.444,10.76,42895824.0,818,Africa,Northern Africa,EG,EGY,3020.031,2.376
El Salvador,13.794,-88.897,313,76.4,21041.0,42000.0,18.25,503.0,San Salvador,7169.0,111.23,0.1,,2.04,12.6,0.83,27022640000.0,94.8,29.4,11.8,San Salvador,73.1,46.0,0.5,Spanish,0.279,1.57,6453553.0,59.1,18.1,0.364,4.11,4694702.0,222,Americas,Latin America and the Caribbean,SV,SLV,4187.25,1.111
Equatorial Guinea,1.651,10.268,50,10.1,28051.0,1000.0,33.24,240.0,Malabo,5655.0,124.35,1.2,XAF,4.51,55.5,,11026774945.0,61.8,1.9,62.6,Malabo,58.4,301.0,1.05,Spanish,0.72,0.4,1355986.0,62.0,6.1,0.794,6.43,984812.0,226,Africa,Sub-Saharan Africa,GQ,GNQ,8131.924,4.17
Eritrea,15.179,39.782,35,75.2,117600.0,202000.0,30.3,291.0,Asmara,711.0,,,ERN,4.06,14.9,2.0,2065001626.0,68.4,3.4,31.3,Asmara,65.9,480.0,,Tigrinya,0.524,0.06,6333135.0,78.4,,0.837,5.14,1149670.0,232,Africa,Sub-Saharan Africa,ER,ERI,326.063,0.112
Estonia,58.595,25.014,31,23.1,45228.0,6000.0,10.9,372.0,Tallinn,16590.0,122.14,2.3,EUR,1.59,51.3,1.14,31386949981.0,97.2,69.6,2.1,Tallinn,78.2,9.0,3.14,Estonian,0.228,4.48,1331824.0,63.6,20.9,0.478,5.11,916024.0,233,Europe,Northern Europe,EE,EST,23566.89,12.457
Eswatini,-26.523,31.466,67,,17364.0,,,268.0,Mbabane,,,,,2.37,,,3791304348.0,114.0,,36.7,Mbabane,64.1,,,English,0.113,,1093238.0,,28.6,,,,748,Africa,Sub-Saharan Africa,SZ,SWZ,3467.959,0.9
Ethiopia,9.145,40.49,115,36.3,1104300.0,138000.0,32.34,251.0,Addis Ababa,14870.0,143.86,15.8,ETB,4.25,12.5,0.75,96107662398.0,101.0,8.1,39.1,Addis Ababa,66.2,401.0,,Amharic,0.378,0.08,112078730.0,79.6,7.5,0.377,2.08,23788710.0,231,Africa,Sub-Saharan Africa,ET,ETH,857.501,0.133
Fiji,-17.713,178.065,49,23.3,18274.0,4000.0,21.28,679.0,Suva,2046.0,132.3,1.8,FJD,2.77,55.9,0.82,5535548972.0,106.4,16.1,21.6,Suva,67.3,34.0,1.28,Fiji Hindi,0.214,0.84,889953.0,57.6,24.2,0.321,4.1,505048.0,242,Oceania,Melanesia,FJ,FJI,6220.046,2.299
Finland,61.924,25.748,18,7.5,338145.0,25000.0,8.6,358.0,Helsinki,45871.0,112.33,1.0,EUR,1.41,73.1,1.45,268761201365.0,100.2,88.2,1.4,Helsinki,81.7,3.0,,Swedish,0.199,3.81,5520314.0,59.1,20.8,0.366,6.59,4716888.0,246,Europe,Northern Europe,FI,FIN,48685.854,8.309
France,46.228,2.214,119,52.4,643801.0,307000.0,11.3,33.0,Paris,303276.0,110.05,1.1,EUR,1.88,31.2,1.39,2715518274227.0,102.5,65.6,3.4,Paris,82.5,8.0,11.16,French,0.068,3.27,67059887.0,55.1,24.2,0.607,8.43,54123364.0,250,Europe,Western Europe,FR,FRA,40493.929,4.522
Gabon,-0.804,11.609,9,20.0,267667.0,7000.0,31.61,241.0,Libreville,5321.0,122.19,2.1,XAF,3.97,90.0,0.92,16657960228.0,139.9,8.3,32.7,Libreville,66.2,252.0,1.46,French,0.259,0.68,2172579.0,52.9,10.2,0.471,20.0,1949694.0,266,Africa,Sub-Saharan Africa,GA,GAB,7667.367,2.449
The Gambia,13.443,-15.31,239,59.8,11300.0,1000.0,38.54,220.0,Banjul,532.0,172.73,7.1,GMD,5.22,48.4,1.18,1763819048.0,98.0,2.7,39.0,Serekunda,61.7,597.0,0.13,English,0.203,0.1,2347706.0,59.4,9.4,0.484,9.06,1453958.0,270,Africa,Sub-Saharan Africa,GM,GMB,751.295,0.227
Georgia,42.315,43.357,57,34.5,69700.0,26000.0,13.47,995.0,Tbilisi,10128.0,133.61,4.9,GEL,2.06,40.6,0.76,17743195770.0,98.6,63.9,8.7,Tbilisi,73.6,25.0,0.05,Georgian,0.573,7.12,3720382.0,68.3,21.7,0.099,14.4,2196476.0,268,Asia,Western Asia,GE,GEO,4769.187,2.722
Germany,51.166,10.452,240,47.7,357022.0,180000.0,9.5,49.0,Berlin,727973.0,112.85,1.4,EUR,1.56,32.7,1.39,3845630030824.0,104.0,70.2,3.1,Berlin,80.9,7.0,9.99,German,0.125,4.25,83132799.0,60.8,11.5,0.488,3.04,64324835.0,276,Europe,Western Europe,DE,DEU,46258.878,8.757
Ghana,7.947,-1.023,137,69.0,238533.0,16000.0,29.41,233.0,Accra,16670.0,268.36,7.2,GHS,3.87,41.2,0.92,66983634224.0,104.8,15.7,34.9,Accra,63.8,308.0,0.27,English,0.361,0.14,30792608.0,67.8,12.6,0.554,4.33,17249054.0,288,Africa,Sub-Saharan Africa,GH,GHA,2175.315,0.541
Greece,39.074,21.824,81,47.6,131957.0,146000.0,8.1,30.0,Athens,62434.0,101.87,0.2,EUR,1.35,31.7,1.54,209852761469.0,99.6,136.6,3.6,Macedonia,81.3,3.0,4.46,Greek,0.355,5.48,10716322.0,51.8,26.2,0.519,17.24,8507474.0,300,Europe,Southern Europe,GR,GRC,19582.536,5.826
Grenada,12.116,-61.679,331,23.5,349.0,,16.47,1.0,"St. George's, Grenada",268.0,107.43,0.8,XCD,2.06,50.0,1.12,1228170370.0,106.9,104.6,13.7,"St. George's, Grenada",72.4,25.0,,English,0.57,1.41,112003.0,,19.4,0.478,,40765.0,308,Americas,Latin America and the Caribbean,GD,GRD,10965.513,2.393
Guatemala,15.783,-90.231,167,36.0,108889.0,43000.0,24.56,502.0,Guatemala City,16777.0,142.92,3.7,GTQ,2.87,32.7,0.79,76710385880.0,101.9,21.8,22.1,Guatemala City,74.1,95.0,1.6,Spanish,0.558,0.35,16604026.0,62.3,10.6,0.352,2.46,8540945.0,320,Americas,Latin America and the Caribbean,GT,GTM,4619.987,1.01
Guinea,9.946,-9.697,53,59.0,245857.0,13000.0,36.36,224.0,Conakry,2996.0,262.95,9.5,GNF,4.7,25.8,0.9,13590281809.0,91.5,11.6,64.9,Kankan,61.2,576.0,,French,0.545,0.08,12771246.0,61.5,10.8,0.693,4.3,4661505.0,324,Africa,Sub-Saharan Africa,GN,GIN,1064.131,0.235
Guinea-Bissau,11.804,-15.18,70,58.0,36125.0,4000.0,35.13,245.0,Bissau,293.0,111.65,1.4,XOF,4.48,69.8,,1340389411.0,118.7,2.6,54.0,Bissau,58.0,667.0,0.16,Portuguese,0.372,0.13,1920922.0,72.0,10.3,0.455,2.47,840922.0,624,Africa,Sub-Saharan Africa,GW,GNB,697.784,0.153
Guyana,4.86,-58.93,4,8.6,214969.0,3000.0,19.97,592.0,"Georgetown, Guyana",2384.0,116.19,2.1,GYD,2.46,83.9,0.9,4280443645.0,97.8,11.6,25.1,"Georgetown, Guyana",69.8,169.0,0.98,English,0.405,0.8,782766.0,56.2,,0.306,11.85,208912.0,328,Americas,Latin America and the Caribbean,GY,GUY,5468.357,3.046
Haiti,18.971,-72.285,414,66.8,27750.0,0.0,24.35,509.0,Port-au-Prince,2978.0,179.29,12.5,HTG,2.94,3.5,0.81,8498981821.0,113.6,1.1,49.5,Port-au-Prince,63.7,480.0,0.25,French,0.363,0.23,11263077.0,67.2,,0.427,13.78,6328948.0,332,Americas,Latin America and the Caribbean,HT,HTI,754.588,0.264
Vatican City,41.903,12.453,2003,,0.0,,,379.0,Vatican City,,,,EUR,,,,,,,,,,,,Italian,,,836.0,,,,,,336,Europe,Southern Europe,VA,VAT,,
Honduras,15.2,-86.242,89,28.9,112090.0,23000.0,21.6,504.0,Tegucigalpa,9813.0,150.34,4.4,HNL,2.46,40.0,0.98,25095395475.0,91.5,26.2,15.1,Tegucigalpa,75.1,65.0,1.01,Spanish,0.491,0.31,9746117.0,68.8,17.3,0.391,5.39,5626433.0,340,Americas,Latin America and the Caribbean,HN,HND,2574.912,1.007
Hungary,47.162,19.503,107,58.4,93028.0,40000.0,9.6,36.0,Budapest,45537.0,121.64,3.3,HUF,1.54,22.9,1.18,160967157504.0,100.8,48.5,3.6,Budapest,75.8,12.0,2.62,Hungarian,0.29,3.41,9769949.0,56.5,23.0,0.379,3.4,6999582.0,348,Europe,Eastern Europe,HU,HUN,16475.742,4.661
Iceland,64.963,-19.021,3,18.7,103000.0,0.0,12.0,354.0,Reykjavik,2065.0,129.0,3.0,ISK,1.71,0.5,1.69,24188035739.0,100.4,71.8,1.5,Reykjavik,82.7,4.0,,Icelandic,0.17,4.08,361313.0,75.0,23.3,0.319,2.84,339110.0,352,Europe,Northern Europe,IS,ISL,66944.826,5.715
India,20.594,78.963,464,60.4,3287263.0,3031000.0,17.86,91.0,New Delhi,2407672.0,180.44,7.7,INR,2.22,23.8,0.97,2611000000000.0,113.0,28.1,29.9,Kurebhar,69.4,145.0,0.3,Hindi,0.651,0.86,1366417754.0,49.3,11.2,0.497,5.36,471031528.0,356,Asia,Southern Asia,IN,IND,1910.836,1.762
Indonesia,-0.789,113.921,151,31.5,1904569.0,676000.0,18.07,62.0,Jakarta,563325.0,151.18,3.0,IDR,2.31,49.9,0.63,1119190780753.0,106.4,36.3,21.1,Kalimantan,71.5,177.0,0.48,Indonesian,0.483,0.43,270203917.0,67.5,10.2,0.301,4.69,151509724.0,360,Asia,South-eastern Asia,ID,IDN,4142.023,2.085
Iran,32.428,53.688,52,28.2,1648195.0,563000.0,18.78,98.0,Tehran,661710.0,550.93,39.9,IRR,2.14,6.6,0.4,445345282123.0,110.7,68.1,12.4,Tehran,76.5,16.0,1.58,Persian,0.397,1.58,82913906.0,44.7,7.4,0.447,11.38,62509623.0,364,Asia,Southern Asia,IR,IRN,5371.177,7.981
Iraq,33.223,43.679,93,21.4,438317.0,209000.0,29.08,964.0,Baghdad,190061.0,119.86,0.4,IQD,3.67,1.9,0.61,234094042939.0,108.7,16.2,22.5,Baghdad,70.5,79.0,1.24,Arabic,0.765,0.71,39309783.0,43.0,2.0,0.308,12.82,27783368.0,368,Asia,Western Asia,IQ,IRQ,5955.109,4.835
Republic of Ireland,53.413,-8.244,72,64.5,70273.0,9000.0,12.5,353.0,Dublin,37711.0,106.58,0.9,EUR,1.75,11.0,1.37,388698711348.0,100.9,77.8,3.1,Connacht,82.3,5.0,10.79,Irish,0.152,3.31,5007069.0,62.1,18.3,0.261,4.93,3133123.0,372,Europe,Northern Europe,IE,IRL,77629.989,7.532
Israel,31.046,34.852,400,24.6,20770.0,178000.0,20.8,972.0,Jerusalem,65166.0,108.15,0.8,ILS,3.09,7.7,1.57,395098666122.0,104.9,63.4,3.0,Jerusalem,82.8,3.0,7.58,Hebrew,0.244,4.62,9053300.0,64.0,23.1,0.253,3.86,8374393.0,376,Asia,Western Asia,IL,ISR,43641.398,7.198
Italy,41.872,12.567,206,43.2,301340.0,347000.0,7.3,39.0,Rome,320411.0,110.62,0.6,EUR,1.29,31.8,1.61,2001244392042.0,101.9,61.9,2.6,Rome,82.9,2.0,,Italian,0.228,3.98,60297396.0,49.6,24.3,0.591,9.89,42651966.0,380,Europe,Southern Europe,IT,ITA,33189.566,5.314
Jamaica,18.11,-77.298,273,41.0,10991.0,4000.0,16.1,1876.0,"Kingston, Jamaica",8225.0,162.47,3.9,JMD,1.98,30.9,1.11,16458071068.0,91.0,27.1,12.4,"Kingston, Jamaica",74.4,80.0,1.33,Jamaican English,0.237,1.31,2948279.0,66.0,26.8,0.351,8.0,1650594.0,388,Americas,Latin America and the Caribbean,JM,JAM,5582.264,2.79
Japan,36.205,138.253,347,12.3,377944.0,261000.0,7.4,81.0,Tokyo,1135886.0,105.48,0.5,,1.42,68.5,1.06,5081769542380.0,98.8,63.2,1.8,Tokyo,84.2,5.0,6.77,,0.131,2.41,126226568.0,61.7,11.9,0.467,2.29,115782416.0,392,Asia,Eastern Asia,JP,JPN,40259.112,8.999
Jordan,30.585,36.238,115,12.0,89342.0,116000.0,21.98,962.0,Amman,25108.0,125.6,0.8,JOD,2.76,1.1,1.1,43743661972.0,81.5,34.4,13.9,Amman,74.4,46.0,1.49,Arabic,0.251,2.32,10101694.0,39.3,15.1,0.286,14.72,9213048.0,400,Asia,Western Asia,JO,JOR,4330.329,2.486
Kazakhstan,48.02,66.924,7,80.4,2724900.0,71000.0,21.77,7.0,Astana,247207.0,182.75,5.2,KZT,2.84,1.2,0.42,180161741180.0,104.4,61.7,8.8,Almaty,73.2,10.0,0.41,Russian,0.388,3.25,18513930.0,68.8,11.7,0.284,4.59,10652915.0,398,Asia,Central Asia,KZ,KAZ,9731.145,13.352
Kenya,-0.024,37.906,94,48.5,580367.0,29000.0,28.75,254.0,Nairobi,17910.0,180.51,4.7,KES,3.49,7.8,0.95,95503088538.0,103.2,11.5,30.6,Nairobi,66.3,342.0,0.25,Swahili,0.334,0.16,52573973.0,74.7,15.1,0.372,2.64,14461523.0,404,Africa,Sub-Saharan Africa,KE,KEN,1816.547,0.341
Kiribati,1.837,-157.377,147,42.0,811.0,,27.89,686.0,South Tarawa,66.0,99.55,0.6,AUD,3.57,15.0,,194647202.0,101.3,,41.2,South Tarawa,68.1,92.0,,English,0.002,0.2,117606.0,,22.0,0.327,,64489.0,296,Oceania,Micronesia,KI,KIR,1655.079,0.561
Kuwait,29.312,47.482,240,8.4,17818.0,25000.0,13.94,965.0,Kuwait City,98734.0,126.6,1.1,KWD,2.08,0.4,0.35,134761198946.0,92.4,54.4,6.7,Kuwait City,75.4,12.0,0.95,Modern Standard Arabic,0.144,2.58,4207083.0,73.5,1.4,0.13,2.18,4207083.0,414,Asia,Western Asia,KW,KWT,32031.98,23.469
Kyrgyzstan,41.204,74.766,34,55.0,199951.0,21000.0,27.1,996.0,Bishkek,9787.0,155.68,1.1,KGS,3.3,3.3,0.56,8454619608.0,107.6,41.3,16.9,Bishkek,71.4,60.0,0.09,Russian,0.482,1.88,6456900.0,59.8,18.0,0.29,6.33,2362644.0,417,Asia,Central Asia,KG,KGZ,1309.393,1.516
Laos,19.856,102.495,32,10.3,236800.0,129000.0,23.55,856.0,Vientiane,17763.0,135.87,3.3,LAK,2.67,82.1,0.93,18173839128.0,102.4,15.0,37.6,Vientiane,67.6,185.0,0.83,Lao,0.454,0.37,7169455.0,78.5,12.9,0.241,0.63,2555552.0,418,Asia,South-eastern Asia,LA,LAO,2534.898,2.478
Latvia,56.88,24.603,30,31.1,64589.0,6000.0,10.0,371.0,Riga,7004.0,116.86,2.8,EUR,1.6,54.0,1.16,34117202555.0,99.4,88.1,3.3,Riga,74.7,19.0,2.8,Latvian,0.416,3.19,1912789.0,61.4,22.9,0.381,6.52,1304943.0,428,Europe,Northern Europe,LV,LVA,17836.365,3.662
Lebanon,33.855,35.862,667,64.3,10400.0,80000.0,17.55,961.0,Beirut,24796.0,130.02,3.0,LBP,2.09,13.4,0.74,53367042272.0,95.1,26.3,6.4,"Tripoli, Lebanon",78.9,29.0,2.15,Arabic,0.321,2.1,6855713.0,47.0,15.3,0.322,6.23,6084994.0,422,Asia,Western Asia,LB,LBN,7784.317,3.617
Lesotho,-29.61,28.234,71,77.6,30355.0,2000.0,26.81,266.0,Maseru,2512.0,155.86,5.2,,3.14,1.6,0.7,2460072444.0,120.9,10.2,65.7,Maseru,53.7,544.0,0.41,English,0.169,0.07,2125268.0,67.9,31.6,0.136,23.41,607508.0,426,Africa,Sub-Saharan Africa,LS,LSO,1157.535,1.182
Liberia,6.428,-9.429,53,28.0,111369.0,2000.0,33.04,231.0,Monrovia,1386.0,223.13,23.6,,4.32,43.1,0.8,3070518100.0,85.1,11.9,53.5,Monrovia,63.7,661.0,0.17,English,0.196,0.04,4937374.0,76.3,12.9,0.462,2.81,2548426.0,430,Africa,Sub-Saharan Africa,LR,LBR,621.893,0.281
Libya,26.335,17.228,4,8.7,1759540.0,0.0,18.83,218.0,,50564.0,125.71,2.6,LYD,2.24,0.1,0.11,52076250948.0,109.0,60.5,10.2,,72.7,72.0,1.88,Arabic,0.367,2.09,6777452.0,49.7,,0.326,18.56,5448597.0,434,Africa,Northern Africa,LY,LBY,7683.751,7.461
Liechtenstein,47.141,9.521,238,32.2,160.0,,9.9,423.0,Vaduz,51.0,,,CHF,1.44,43.1,1.74,6552858739.0,104.7,35.6,3.9,Schaan,83.0,,,German,,,38019.0,,,0.216,,5464.0,438,Europe,Western Europe,LI,LIE,172357.472,1.341
Lithuania,55.169,23.881,43,47.2,65300.0,34000.0,10.0,370.0,Vilnius,12963.0,118.38,2.3,EUR,1.63,34.8,1.16,54219315600.0,103.9,72.4,3.3,Vilnius,75.7,8.0,2.41,Lithuanian,0.321,6.35,2786844.0,61.6,16.9,0.426,6.35,1891013.0,440,Europe,Northern Europe,LT,LTU,19455.454,4.651
Luxembourg,49.815,6.13,242,53.7,2586.0,2000.0,10.3,352.0,Luxembourg City,8988.0,115.09,1.7,EUR,1.37,35.7,1.19,71104919108.0,102.3,19.2,1.9,Luxembourg City,82.1,5.0,13.05,Luxembourgish,0.106,3.01,645397.0,59.3,26.5,0.204,5.36,565488.0,442,Europe,Western Europe,LU,LUX,110172.373,13.926
Madagascar,-18.767,46.869,48,71.2,587041.0,22000.0,32.66,261.0,Antananarivo,3905.0,184.33,5.6,MGA,4.08,21.4,1.11,14083906357.0,142.5,5.4,38.2,Antananarivo,66.7,335.0,0.21,French,0.217,0.18,26969307.0,86.1,10.2,0.383,1.76,10210849.0,450,Africa,Sub-Saharan Africa,MG,MDG,522.22,0.145
Malawi,-13.254,34.302,203,61.4,118484.0,15000.0,34.12,265.0,Lilongwe,1298.0,418.34,9.4,MWK,4.21,33.2,1.15,7666704427.0,142.5,0.8,35.3,Lilongwe,63.8,349.0,0.12,English,0.11,0.04,18628747.0,76.7,17.3,0.345,5.65,3199301.0,454,Africa,Sub-Saharan Africa,MW,MWI,411.552,0.07
Malaysia,4.21,101.976,99,26.3,329847.0,136000.0,16.75,60.0,Kuala Lumpur,248289.0,121.46,0.7,MYR,2.0,67.6,0.45,364701517788.0,105.3,45.1,6.7,Johor Bahru,76.0,29.0,0.93,Malaysian language,0.367,1.51,32447385.0,64.3,12.0,0.387,3.32,24475766.0,458,Asia,South-eastern Asia,MY,MYS,11239.782,7.652
Maldives,3.203,73.221,1802,26.3,298.0,5000.0,14.2,960.0,Malé,1445.0,99.7,0.2,,1.87,3.3,1.63,5729248472.0,97.1,31.2,7.4,MalÔøΩ,78.6,53.0,,Divehi,0.164,4.56,530953.0,69.8,19.5,0.302,6.14,213645.0,462,Asia,Southern Asia,MV,MDV,10790.5,2.722
Mali,17.571,-3.996,17,33.8,1240192.0,18000.0,41.54,223.0,Bamako,3179.0,108.73,-1.7,XOF,5.88,3.8,1.12,17510141171.0,75.6,4.5,62.0,Bamako,58.9,562.0,0.23,French,0.463,0.13,19658031.0,70.8,11.6,0.545,7.22,8479688.0,466,Africa,Sub-Saharan Africa,ML,MLI,890.737,0.162
Malta,35.937,14.375,1380,32.4,316.0,2000.0,9.2,356.0,Valletta,1342.0,113.45,1.6,EUR,1.23,1.1,1.36,14786156563.0,105.0,54.3,6.1,Birkirkara,82.3,6.0,5.07,Maltese,0.371,2.86,502653.0,56.5,26.2,0.44,3.47,475902.0,470,Europe,Southern Europe,MT,MLT,29416.231,2.67
Marshall Islands,7.131,171.184,329,63.9,181.0,,29.03,692.0,Majuro,143.0,,,USD,4.05,70.2,1.44,221278000.0,84.7,53.3,27.4,Majuro,65.2,,2.0,Marshallese,0.1,0.42,58791.0,,17.8,0.659,,45514.0,584,Oceania,Micronesia,MH,MHL,3763.807,2.432
Mauritania,21.008,-10.941,5,38.5,1030700.0,21000.0,33.69,222.0,Nouakchott,2739.0,135.02,2.3,MRU,4.56,0.2,1.13,7593752450.0,99.9,5.0,51.5,Nouakchott,64.7,766.0,0.53,Arabic,0.482,0.19,4525696.0,45.9,,0.67,9.55,2466821.0,478,Africa,Sub-Saharan Africa,MR,MRT,1677.919,0.605
Mauritius,-20.348,57.552,626,42.4,2040.0,3000.0,10.2,230.0,Port Louis,4349.0,129.91,0.4,MUR,1.41,19.0,1.12,14180444557.0,101.1,40.6,13.6,Port Louis,74.4,61.0,0.38,French,0.507,2.53,1265711.0,58.3,19.1,0.222,6.67,515980.0,480,Africa,Sub-Saharan Africa,MU,MUS,11203.541,3.436
Mexico,23.635,-102.553,66,54.6,1964375.0,336000.0,17.6,52.0,Mexico City,486406.0,141.54,3.6,MXN,2.13,33.9,0.73,1258286717125.0,105.8,40.2,11.0,Mexico City,75.0,33.0,0.49,,0.414,2.38,126014024.0,60.7,13.1,0.551,3.42,102626859.0,484,Americas,Latin America and the Caribbean,MX,MEX,9985.291,3.86
Federated States of Micronesia,7.426,150.551,784,31.4,702.0,,22.82,691.0,Palikir,143.0,112.1,0.5,USD,3.05,91.9,,401932279.0,97.2,14.1,25.6,Palikir,67.8,88.0,,English,0.025,0.18,113815.0,,25.2,0.605,,25963.0,583,Oceania,Micronesia,FM,FSM,3531.453,1.256
Moldova,47.412,28.37,123,74.2,33851.0,7000.0,10.1,373.0,Chișinău,5115.0,166.2,4.8,MDL,1.26,12.6,0.8,11955435457.0,90.6,39.8,13.6,Chișinău,71.8,19.0,0.31,Romanian,0.462,3.21,2657637.0,43.1,17.7,0.387,5.47,1135502.0,498,Europe,Eastern Europe,MD,MDA,4498.521,1.925
Monaco,43.738,7.425,26337,,2.0,,5.9,377.0,Monaco City,,,,EUR,1.54,,2.0,7184844193.0,,,2.6,Monaco City,86.4,,11.72,French,0.061,6.56,38964.0,,,,,38964.0,492,Europe,Western Europe,MC,MCO,184396.987,
Mongolia,46.862,103.847,2,71.5,1564116.0,18000.0,24.13,976.0,Ulaanbaatar,25368.0,195.76,7.3,MNT,2.9,8.0,0.72,13852850259.0,104.0,65.6,14.0,Ulaanbaatar,69.7,45.0,0.65,Mongolian,0.393,2.86,3225167.0,59.7,16.8,0.257,6.01,2210626.0,496,Asia,Eastern Asia,MN,MNG,4295.235,7.866
Montenegro,42.709,19.374,47,19.0,13812.0,12000.0,11.73,382.0,Podgorica,2017.0,116.32,2.6,EUR,1.75,61.5,1.16,5494736901.0,100.0,56.1,2.3,Podgorica,76.8,6.0,1.23,Montenegrin language,0.318,2.76,622137.0,54.4,,0.222,14.88,417765.0,499,Europe,Southern Europe,ME,MNE,8832.037,3.242
Morocco,31.792,-7.093,83,68.5,446550.0,246000.0,18.94,212.0,Rabat,61276.0,111.07,0.2,MAD,2.42,12.6,0.99,118725279596.0,113.9,35.9,19.2,Casablanca,76.5,70.0,1.6,Arabic,0.531,0.73,36910560.0,45.3,21.9,0.458,9.02,22975026.0,504,Africa,Northern Africa,MA,MAR,3216.567,1.66
Mozambique,-18.666,35.53,40,63.5,799380.0,11000.0,37.52,258.0,Maputo,7943.0,182.31,2.8,MZN,4.85,48.0,0.65,14934159926.0,112.6,7.3,54.0,Maputo,60.2,289.0,0.27,Portuguese,0.068,0.08,30366036.0,78.1,0.0,0.361,3.24,11092106.0,508,Africa,Sub-Saharan Africa,MZ,MOZ,491.805,0.262
Myanmar,21.916,95.956,83,19.5,676578.0,513000.0,17.55,95.0,Naypyidaw,25280.0,168.18,8.8,MMK,2.15,43.6,0.54,76085852617.0,112.3,18.8,36.8,Yangon,66.9,250.0,0.39,Burmese,0.739,0.68,54045420.0,61.7,5.4,0.312,1.58,16674093.0,104,Asia,South-eastern Asia,MM,MMR,1407.813,0.468
Namibia,-22.958,18.49,3,47.1,824292.0,16000.0,28.64,264.0,Windhoek,4228.0,157.97,3.7,,3.4,8.3,0.76,12366527719.0,124.2,22.9,29.0,Windhoek,63.4,195.0,,English,0.083,0.42,2494530.0,59.5,27.1,0.207,20.27,1273258.0,516,Africa,Sub-Saharan Africa,NA,NAM,4957.458,1.695
Nauru,-0.523,166.932,541,,21.0,,,674.0,Yaren District,,,,AUD,2.55,,,133000000.0,101.0,,7.6,,62.1,,,English,,,10084.0,,,,,,520,Oceania,Micronesia,NR,NRU,13189.211,4.8
Nepal,28.395,84.124,203,28.7,147181.0,112000.0,19.89,977.0,Kathmandu,9105.0,188.73,5.6,NPR,1.92,25.4,0.91,30641380604.0,142.1,12.4,26.7,Kathmandu,70.5,186.0,0.36,Nepali,0.604,0.75,28608710.0,83.8,20.7,0.418,1.41,5765513.0,524,Asia,Southern Asia,NP,NPL,1071.051,0.318
Netherlands,52.133,5.291,508,53.3,41543.0,41000.0,9.7,31.0,Amsterdam,170780.0,115.91,2.6,,1.59,11.2,1.68,909070395161.0,104.2,85.0,3.3,Amsterdam,81.8,5.0,10.29,Dutch,0.123,3.61,17332850.0,63.6,23.0,0.412,3.2,15924729.0,528,Europe,Western Europe,NL,NLD,52447.831,9.853
New Zealand,-40.901,174.886,18,40.5,268838.0,9000.0,11.98,64.0,Wellington,34382.0,114.24,1.6,NZD,1.71,38.6,1.4,206928765544.0,100.0,82.0,4.7,Auckland,81.9,9.0,11.49,English,0.126,3.59,4841000.0,69.9,29.0,0.346,4.07,4258860.0,554,Oceania,Australia and New Zealand,NZ,NZL,42745.046,7.102
Nicaragua,12.865,-85.207,55,42.1,130370.0,12000.0,20.64,505.0,Managua,5592.0,162.74,5.4,NIO,2.4,25.9,0.91,12520915291.0,120.6,17.4,15.7,Managua,74.3,98.0,0.54,Spanish,0.36,0.98,6545502.0,66.4,15.6,0.606,6.84,3846137.0,558,Americas,Latin America and the Caribbean,NI,NIC,1912.904,0.854
Niger,17.608,8.082,19,36.1,1267000.0,10000.0,46.08,227.0,Niamey,2017.0,109.32,-2.5,XOF,6.91,0.9,0.88,12928145120.0,74.7,4.4,48.0,Niamey,62.0,509.0,0.29,French,0.523,0.04,23310715.0,72.0,11.8,0.472,0.47,3850231.0,562,Africa,Sub-Saharan Africa,NE,NER,554.601,0.087
Nigeria,9.082,8.675,226,77.7,923768.0,215000.0,37.91,234.0,Abuja,120369.0,267.51,11.4,NGN,5.39,7.2,0.46,448120428859.0,84.7,10.2,75.7,Lagos,54.3,917.0,0.54,English,0.722,0.38,200963599.0,52.9,1.5,0.348,8.1,102806948.0,566,Africa,Sub-Saharan Africa,NG,NGA,2229.859,0.599
North Korea,40.34,127.51,214,21.8,120538.0,1469000.0,13.89,850.0,Pyongyang,28284.0,,,KPW,1.9,40.7,0.58,32100000000.0,112.8,27.0,13.7,Pyongyang,72.1,89.0,,Korean,,3.67,25666161.0,80.4,,,2.74,15947412.0,408,Asia,Eastern Asia,KP,PRK,1250.674,1.102
North Macedonia,41.609,21.745,83,,25713.0,,,389.0,Skopje,,,,MKD,1.53,,,10220781069.0,97.0,53.2,7.0,Skopje,77.4,,,Macedonian,0.356,,1836713.0,,,,,,807,Europe,Southern Europe,MK,MKD,5564.713,4.1
Norway,60.472,8.469,15,2.7,323802.0,23000.0,10.4,47.0,Oslo,41023.0,120.27,2.2,NOK,1.56,33.2,1.78,403336363636.0,100.3,82.0,2.1,Oslo,82.8,2.0,,Norwegian,0.143,2.92,5347896.0,63.8,23.9,0.362,3.35,4418218.0,578,Europe,Northern Europe,NO,NOR,75419.635,7.671
Oman,21.474,55.975,16,4.6,309500.0,47000.0,19.19,968.0,Muscat,63457.0,113.53,0.1,OMR,2.89,0.0,0.45,76983094928.0,103.4,38.0,9.8,Seeb,77.6,19.0,4.33,Arabic,0.064,2.0,5266535.0,72.4,2.5,0.274,2.67,4250777.0,512,Asia,Western Asia,OM,OMN,14617.409,12.049
Pakistan,30.375,69.345,287,47.8,796095.0,936000.0,28.25,92.0,Islamabad,201150.0,182.32,10.6,PKR,3.51,1.9,0.79,304400000000.0,94.3,9.0,57.2,Karachi,67.1,140.0,0.69,Urdu,0.665,0.98,216565318.0,52.6,9.2,0.339,4.45,79927762.0,586,Asia,Southern Asia,PK,PAK,1405.581,0.929
Palau,7.515,134.583,39,10.9,459.0,,14.0,680.0,Ngerulmud,224.0,118.17,1.3,USD,2.21,87.6,,283994900.0,112.6,34.6,16.6,Koror,69.1,,3.0,English,0.218,1.18,18233.0,,21.3,0.766,,14491.0,585,Oceania,Micronesia,PW,PLW,15575.873,12.285
Palestinian National Authority,31.952,35.233,847,,,,,,,,,,,,,,,,,,,65.2,,,Arabic,,,,,,,,,275,Asia,Western Asia,PS,PSE,,0.6
Panama,8.538,-80.782,58,30.4,75420.0,26000.0,18.98,507.0,Panama City,10715.0,122.07,-0.4,,2.46,61.9,0.74,66800800000.0,94.4,47.8,13.1,Panama City,78.3,52.0,1.53,Spanish,0.305,1.57,4246439.0,66.6,,0.372,3.9,2890084.0,591,Americas,Latin America and the Caribbean,PA,PAN,15731.016,2.523
Papua New Guinea,-6.315,143.956,20,2.6,462840.0,4000.0,27.07,675.0,Port Moresby,7536.0,155.99,3.6,PGK,3.56,74.1,1.36,24969611435.0,108.5,1.8,38.0,Port Moresby,64.3,145.0,1.16,Tok Pisin,0.058,0.07,8776109.0,47.2,13.6,0.371,2.46,1162834.0,598,Oceania,Melanesia,PG,PNG,2845.18,0.859
Paraguay,-23.443,-58.444,18,55.1,406752.0,27000.0,20.57,595.0,Asunción,7407.0,143.82,2.8,PYG,2.43,37.7,1.04,38145288940.0,104.4,34.6,17.2,Ciudad del Este,74.1,129.0,1.55,Spanish,0.365,1.35,7044636.0,72.1,10.0,0.35,4.81,4359150.0,600,Americas,Latin America and the Caribbean,PY,PRY,5414.799,1.051
Peru,-9.19,-75.015,26,18.5,1285216.0,158000.0,17.95,51.0,Lima,57414.0,129.78,2.1,PEN,2.25,57.7,0.99,226848050820.0,106.9,70.7,11.1,Lima,76.5,88.0,1.28,Spanish,0.309,1.27,32510453.0,77.6,14.3,0.368,3.31,25390339.0,604,Americas,Latin America and the Caribbean,PE,PER,6977.696,1.766
Philippines,12.88,121.774,368,41.7,300000.0,153000.0,20.55,63.0,Manila,122287.0,129.61,2.5,PHP,2.58,27.8,0.86,376795508680.0,107.5,35.5,22.5,Manila,71.1,121.0,1.12,English,0.535,0.6,108116615.0,59.6,14.0,0.431,2.15,50975903.0,608,Asia,South-eastern Asia,PH,PHL,3485.084,1.131
Poland,51.919,19.145,124,46.9,312685.0,191000.0,10.2,48.0,Warsaw,299037.0,114.11,2.2,PLN,1.46,30.9,1.07,592164400688.0,100.0,67.8,3.8,Warsaw,77.6,2.0,2.93,Polish,0.232,2.38,37970874.0,56.7,17.4,0.408,3.47,22796574.0,616,Europe,Eastern Europe,PL,POL,15595.227,7.875
Portugal,39.4,-8.224,111,39.5,92212.0,52000.0,8.5,351.0,Lisbon,48742.0,110.62,0.3,EUR,1.38,34.6,1.54,237686075635.0,106.2,63.9,3.1,Lisbon,81.3,8.0,3.78,Portuguese,0.277,5.12,10269417.0,58.8,22.8,0.398,6.33,6753579.0,620,Europe,Southern Europe,PT,PRT,23145.041,4.746
Qatar,25.355,51.184,248,5.8,11586.0,22000.0,9.54,974.0,Doha,103259.0,115.38,-0.7,QAR,1.87,0.0,0.4,183466208791.0,103.8,17.9,5.8,Doha,80.1,9.0,,Arabic,0.062,2.49,2832067.0,86.8,14.7,0.113,0.09,2809071.0,634,Asia,Western Asia,QA,QAT,64781.733,36.461
Romania,45.943,24.967,84,58.8,238391.0,126000.0,9.6,40.0,Bucharest,69259.0,123.78,3.8,RON,1.71,30.1,1.16,250077444017.0,85.2,49.4,6.1,Bucharest,75.4,19.0,2.25,Romanian,0.213,2.98,19356544.0,54.7,14.6,0.2,3.98,10468793.0,642,Europe,Eastern Europe,RO,ROU,12919.53,3.578
Russia,61.524,105.319,9,13.3,17098240.0,1454000.0,11.5,7.0,Moscow,1732027.0,180.75,4.5,RUB,1.57,49.8,0.59,1699876578871.0,102.6,81.9,6.1,Moscow,72.7,17.0,0.53,Russian,0.364,4.01,144373535.0,61.8,11.4,0.462,4.59,107683889.0,643,Europe,Eastern Europe,RU,RUS,11774.156,11.997
Rwanda,-1.94,29.874,525,73.4,26338.0,35000.0,31.7,250.0,Kigali,1115.0,151.09,3.4,RWF,4.04,19.7,1.17,10122472590.0,133.0,6.7,27.0,Kigali,68.7,248.0,,Swahili,0.26,0.13,12626950.0,83.7,14.3,0.332,1.03,2186104.0,646,Africa,Sub-Saharan Africa,RW,RWA,801.656,0.088
Saint Kitts and Nevis,17.358,-62.783,205,23.1,261.0,,12.6,1.0,Basseterre,238.0,104.57,-1.0,XCD,2.11,42.3,,1050992593.0,108.7,86.7,9.8,Basseterre,71.3,,3.33,English,0.566,2.52,52823.0,,18.5,0.497,,16269.0,659,Americas,Latin America and the Caribbean,KN,KNA,19896.496,4.506
Saint Lucia,13.909,-60.979,301,17.4,616.0,,12.0,1.0,Castries,414.0,110.13,1.9,XCD,1.44,33.2,1.3,2122450630.0,102.6,14.1,14.9,Castries,76.1,117.0,,English,0.484,0.64,182790.0,67.1,18.2,0.347,20.71,34280.0,662,Americas,Latin America and the Caribbean,LC,LCA,11611.415,2.265
Saint Vincent and the Grenadines,12.984,-61.287,284,25.6,389.0,,14.24,1.0,Kingstown,220.0,109.67,2.3,XCD,1.89,69.2,,825385185.0,113.4,23.7,14.8,Calliaqua,72.4,68.0,1.16,English,0.214,0.66,100455.0,65.9,25.4,0.37,18.88,58185.0,670,Americas,Latin America and the Caribbean,VC,VCT,8216.467,2.19
Samoa,-13.759,-172.105,70,12.4,2831.0,,24.38,685.0,Apia,246.0,117.56,1.0,WST,3.88,60.4,0.91,850655017.0,110.5,7.6,13.6,Apia,73.2,43.0,0.78,Samoan,0.115,0.34,202506.0,43.7,25.5,0.193,8.36,35588.0,882,Oceania,Polynesia,WS,WSM,4200.641,1.215
San Marino,43.942,12.458,566,16.7,61.0,,6.8,378.0,City of San Marino,,110.63,1.0,EUR,1.26,0.0,,1637931034.0,108.1,51.1,1.7,City of San Marino,85.4,,,Italian,0.183,6.11,33860.0,,18.1,0.362,,32969.0,674,Europe,Southern Europe,SM,SMR,48373.628,
São Tomé and Príncipe,,,228,50.7,964.0,1000.0,31.54,239.0,São Tomé,121.0,185.09,7.9,STN,4.32,55.8,,429016605.0,106.8,13.4,24.4,São Tomé,70.2,130.0,,,0.117,0.05,215056.0,57.8,14.6,0.37,13.37,158277.0,678,Africa,Sub-Saharan Africa,ST,STP,1994.906,0.563
Saudi Arabia,23.886,45.079,16,80.8,2149690.0,252000.0,17.8,966.0,Riyadh,563449.0,118.4,-1.2,SAR,2.32,0.5,0.24,792966838162.0,99.8,68.0,6.0,Riyadh,75.0,17.0,3.85,Arabic,0.15,2.61,34268528.0,55.9,8.9,0.157,5.93,28807838.0,682,Asia,Western Asia,SA,SAU,23139.799,16.442
Senegal,14.497,-14.452,87,46.1,196722.0,19000.0,34.52,221.0,Dakar,10902.0,109.25,1.8,XOF,4.63,42.8,1.14,23578084052.0,81.0,12.8,31.8,Pikine,67.7,315.0,0.31,French,0.442,0.07,16296364.0,45.7,16.3,0.448,6.6,7765706.0,686,Africa,Sub-Saharan Africa,SN,SEN,1446.831,0.669
Serbia,44.017,21.006,100,39.3,77474.0,32000.0,9.2,381.0,Belgrade,45221.0,144.0,1.8,RSD,1.49,31.1,1.16,51409167351.0,100.3,67.2,4.8,Belgrade,75.5,12.0,1.57,Serbian,0.406,3.11,6944975.0,54.9,18.6,0.366,12.69,3907243.0,688,Europe,Southern Europe,RS,SRB,7402.355,6.511
Seychelles,-4.68,55.492,214,3.4,455.0,0.0,17.1,248.0,"Victoria, Seychelles",605.0,129.96,1.8,SCR,2.41,88.4,,1698843063.0,100.4,17.1,12.4,"Victoria, Seychelles",72.8,53.0,2.0,French,0.025,0.95,97625.0,,34.1,0.301,3.2,55762.0,690,Africa,Sub-Saharan Africa,SC,SYC,17401.722,6.197
Sierra Leone,8.461,-11.78,111,54.7,71740.0,9000.0,33.41,232.0,Freetown,1093.0,234.16,14.8,SLL,4.26,43.1,1.08,3941474311.0,112.8,2.0,78.5,Freetown,54.3,1120.0,0.57,English,0.382,0.03,7813215.0,57.9,8.6,0.307,4.43,3319366.0,694,Africa,Sub-Saharan Africa,SL,SLE,504.463,0.14
Singapore,1.352,103.82,8358,0.9,716.0,81000.0,8.8,65.0,,37535.0,114.41,0.6,SGD,1.14,23.1,1.25,372062527489.0,100.6,84.8,2.3,,83.1,8.0,,Malay,0.367,2.29,5703569.0,70.5,13.1,0.21,4.11,5703569.0,702,Asia,South-eastern Asia,SG,SGP,65233.282,6.581
Slovakia,48.669,19.699,114,39.2,49035.0,16000.0,10.6,421.0,Bratislava,32424.0,115.34,2.7,EUR,1.52,40.4,1.32,105422304976.0,98.7,46.6,4.6,Bratislava,77.2,5.0,3.11,Slovak,0.184,3.42,5454073.0,59.5,18.7,0.497,5.56,2930419.0,703,Europe,Eastern Europe,SK,SVK,19329.097,5.945
Slovenia,46.151,14.995,103,30.7,20273.0,7000.0,9.4,386.0,Ljubljana,12633.0,111.05,1.6,EUR,1.6,62.0,1.32,53742159517.0,100.4,78.6,1.7,Ljubljana,81.0,7.0,5.25,Slovene language,0.125,3.09,2087946.0,58.4,18.6,0.31,4.2,1144654.0,705,Europe,Southern Europe,SI,SVN,25739.248,6.05
Solomon Islands,-9.646,160.156,25,3.9,28896.0,,32.44,677.0,Honiara,169.0,133.06,1.6,SBD,4.4,77.9,,1425074226.0,106.2,,17.1,Honiara,72.8,104.0,0.4,English,0.033,0.19,669823.0,83.8,29.5,0.32,0.58,162164.0,90,Oceania,Melanesia,SB,SLB,2127.539,0.252
Somalia,5.152,46.2,25,70.3,637657.0,20000.0,41.75,252.0,Mogadishu,645.0,,,SOS,6.07,10.0,1.41,4720727278.0,23.4,2.5,76.6,Bosaso,57.1,829.0,,Arabic,,0.02,15442905.0,47.4,0.0,,11.35,7034861.0,706,Africa,Sub-Saharan Africa,SO,SOM,305.689,0.042
South Africa,-30.559,22.938,49,79.8,1219090.0,80000.0,20.51,27.0,Pretoria,476644.0,158.93,4.1,ZAR,2.41,7.6,0.92,351431649241.0,100.9,22.4,28.5,Johannesburg,63.9,119.0,,Afrikaans,0.077,0.91,58558270.0,56.0,27.5,0.292,28.18,39149717.0,710,Africa,Sub-Saharan Africa,ZA,ZAF,6001.401,8.14
South Korea,35.908,127.767,527,17.4,99720.0,634000.0,6.4,82.0,Seoul,620302.0,115.16,0.4,KRW,0.98,63.4,1.22,2029000000000.0,98.1,94.3,2.7,Seoul,82.6,11.0,6.49,Korean,0.368,2.36,51709098.0,63.0,15.6,0.332,4.15,42106719.0,410,Asia,Eastern Asia,KR,KOR,39238.743,11.996
South Sudan,6.877,31.307,18,,644329.0,185000.0,35.01,211.0,Juba,1727.0,4583.71,187.9,SSP,4.7,,0.28,11997800751.0,73.0,,63.7,Juba,57.6,1150.0,,English,0.613,,11062113.0,72.4,,0.314,12.24,2201250.0,728,Africa,Sub-Saharan Africa,SS,SSD,1084.585,0.156
Spain,40.464,-3.749,94,52.6,505370.0,196000.0,7.9,34.0,Madrid,244002.0,110.96,0.7,EUR,1.26,36.9,1.26,1394116310769.0,102.7,88.9,2.5,Madrid,83.3,4.0,5.6,Spanish,0.242,3.87,47076781.0,57.5,14.2,0.47,13.96,37927409.0,724,Europe,Southern Europe,ES,ESP,29613.671,5.183
Sri Lanka,7.873,80.772,341,43.7,65610.0,317000.0,15.83,94.0,Colombo,23362.0,155.53,3.5,LKR,2.2,32.9,0.88,84008783756.0,100.2,19.6,6.4,Colombo,76.8,36.0,0.35,Tamil,0.384,1.0,21803000.0,53.9,11.9,0.552,4.2,4052088.0,144,Asia,Southern Asia,LK,LKA,3853.084,1.072
Sudan,12.863,30.218,25,28.7,1861484.0,124000.0,32.18,249.0,Khartoum,20000.0,1344.19,51.0,SDG,4.41,8.1,0.95,18902284476.0,76.8,16.9,42.1,Omdurman,65.1,295.0,0.41,Arabic,0.632,0.26,42813238.0,48.4,8.0,0.454,16.53,14957233.0,729,Africa,Northern Africa,SD,SDN,441.506,0.467
Suriname,3.919,-56.028,4,0.6,163820.0,2000.0,18.54,597.0,Paramaribo,1738.0,294.66,22.0,SRD,2.42,98.3,1.29,3985250737.0,108.8,12.6,16.9,Paramaribo,71.6,120.0,,Dutch,0.101,1.21,581372.0,51.1,19.5,0.279,7.33,384258.0,740,Americas,Latin America and the Caribbean,SR,SUR,6854.907,2.989
Sweden,60.128,18.644,25,7.4,450295.0,30000.0,11.4,46.0,Stockholm,43252.0,110.51,1.8,SEK,1.76,68.9,1.42,530832908738.0,126.6,67.0,2.2,Stockholm,82.5,4.0,,Swedish,0.152,3.98,10285453.0,64.6,27.9,0.491,6.48,9021165.0,752,Europe,Northern Europe,SE,SWE,51610.066,4.205
Switzerland,46.818,8.228,219,38.4,41277.0,21000.0,10.0,41.0,Bern,34477.0,99.55,0.4,CHF,1.52,31.8,1.45,703082435360.0,105.2,59.6,3.7,Zürich,83.6,5.0,,German,0.283,4.3,8574832.0,68.3,10.1,0.288,4.58,6332428.0,756,Europe,Western Europe,CH,CHE,81993.727,4.021
Syria,34.802,38.997,95,75.8,185180.0,239000.0,23.69,963.0,Damascus,28830.0,143.2,36.7,SYP,2.81,2.7,0.83,40405006007.0,81.7,40.1,14.0,Damascus,71.8,31.0,1.02,Arabic,0.537,1.22,17070135.0,44.1,14.2,0.427,8.37,9358019.0,760,Asia,Western Asia,SY,SYR,2367.0,1.689
Tajikistan,38.861,71.276,68,34.1,144100.0,17000.0,30.76,992.0,Dushanbe,5310.0,148.57,6.0,TJS,3.59,3.0,0.71,8116626794.0,100.9,31.3,30.4,Dushanbe,70.9,17.0,0.23,Persian,0.631,1.7,9321018.0,42.0,9.8,0.673,11.02,2545477.0,762,Asia,Central Asia,TJ,TJK,870.788,0.57
Tanzania,-6.369,34.889,67,44.8,947300.0,28000.0,36.7,255.0,Dodoma,11973.0,187.43,3.5,TZS,4.89,51.6,0.87,63177068175.0,94.2,4.0,37.6,Dar es Salaam,65.0,524.0,0.09,Swahili,0.261,0.01,58005463.0,83.4,11.5,0.438,1.98,20011885.0,834,Africa,Sub-Saharan Africa,TZ,TZA,1089.157,0.206
Thailand,15.87,100.993,137,43.3,513120.0,455000.0,10.34,66.0,Bangkok,283763.0,113.27,0.7,THB,1.53,32.2,0.71,543649976166.0,99.8,49.3,7.8,Bangkok,76.9,37.0,1.06,Thai,0.118,0.81,69625582.0,67.3,14.9,0.295,0.75,35294600.0,764,Asia,South-eastern Asia,TH,THA,7808.193,4.076
East Timor,-8.874,125.728,89,25.6,14874.0,2000.0,29.42,670.0,Dili,495.0,145.38,2.6,USD,4.02,45.4,1.1,1673540300.0,115.3,17.8,39.3,Dili,69.3,142.0,0.6,Portuguese,0.102,0.72,3500000.0,67.3,25.0,0.173,4.55,400182.0,626,Asia,South-eastern Asia,TL,TLS,478.154,0.141
Togo,8.62,0.825,152,70.2,56785.0,10000.0,33.11,228.0,Lomé,3000.0,113.3,0.7,XOF,4.32,3.1,0.71,5459979417.0,123.8,14.5,47.4,Lomé,60.8,396.0,0.34,French,0.51,0.08,8082366.0,77.6,16.9,0.482,2.04,3414638.0,768,Africa,Sub-Saharan Africa,TG,TGO,675.542,0.371
Tonga,-21.179,-175.198,147,45.8,747.0,,24.3,676.0,Nukualofa,128.0,121.09,7.4,TOP,3.56,12.5,,450353314.0,116.3,6.4,13.4,Nukualofa,70.8,52.0,,Tongan Language,0.102,0.52,100209.0,59.8,22.3,0.275,1.12,24145.0,776,Oceania,Polynesia,TO,TON,4494.14,1.277
Trinidad and Tobago,10.692,-61.223,273,10.5,5128.0,4000.0,12.94,1.0,Port of Spain,43868.0,141.75,1.0,TTD,1.73,46.0,0.54,24100202834.0,106.2,12.0,16.4,Chaguanas,73.4,67.0,2.25,English,0.373,4.17,1394973.0,60.0,19.5,0.405,2.69,741944.0,780,Americas,Latin America and the Caribbean,TT,TTO,17276.465,31.447
Tunisia,33.887,9.537,76,64.8,163610.0,48000.0,17.56,216.0,Tunis,29937.0,155.33,6.7,TND,2.2,6.8,0.73,38797709924.0,115.4,31.7,14.6,Tunis,76.5,43.0,0.47,Arabic,0.398,1.3,11694719.0,46.1,21.1,0.607,16.02,8099061.0,788,Africa,Northern Africa,TN,TUN,3317.541,2.56
Turkey,38.964,35.243,110,49.8,783562.0,512000.0,16.03,90.0,Ankara,372725.0,234.44,15.2,TRY,2.07,15.4,1.42,754411708203.0,93.2,23.9,9.1,Istanbul,77.4,17.0,3.45,Turkish,0.169,1.85,83429615.0,52.8,17.9,0.423,13.49,63097818.0,792,Asia,Western Asia,TR,TUR,9042.493,4.468
Turkmenistan,38.97,59.556,13,72.0,488100.0,42000.0,23.83,993.0,Ashgabat,70630.0,,,TMT,2.79,8.8,0.29,40761142857.0,88.4,8.0,39.3,Ashgabat,68.1,7.0,0.88,Turkmen,0.711,2.22,5942089.0,64.5,,,3.91,3092738.0,795,Asia,Central Asia,TM,TKM,6859.733,11.886
Tuvalu,-7.11,177.649,393,60.0,26.0,,,688.0,Funafuti,11.0,,,AUD,2.78,33.3,,47271463.0,86.0,,20.6,Singapore,67.1,,,Tuvaluan Language,0.007,0.92,11646.0,,,,,7362.0,798,Oceania,Polynesia,TV,TUV,4059.03,0.945
Uganda,1.373,32.29,229,71.9,241038.0,46000.0,38.14,256.0,Kampala,5680.0,173.87,2.9,UGX,4.96,9.7,0.94,34387229486.0,102.7,4.8,33.8,Buganda,63.0,375.0,0.01,Swahili,0.405,0.17,44269594.0,70.3,11.7,0.337,1.84,10784516.0,800,Africa,Sub-Saharan Africa,UG,UGA,776.769,0.128
Ukraine,48.379,31.166,75,71.7,603550.0,297000.0,8.7,380.0,Kyiv,202250.0,281.66,7.9,UAH,1.3,16.7,0.83,153781069118.0,99.0,82.7,7.5,Kyiv,71.6,19.0,0.84,Ukrainian,0.478,2.99,44385155.0,54.2,20.1,0.452,8.88,30835699.0,804,Europe,Eastern Europe,UA,UKR,3464.696,4.557
United Arab Emirates,23.424,53.848,118,5.5,83600.0,63000.0,10.33,971.0,Abu Dhabi,206324.0,114.52,-1.9,AED,1.41,4.6,0.49,421142267938.0,108.4,36.8,6.5,Dubai,77.8,3.0,,Arabic,0.178,2.53,9770529.0,82.1,0.1,0.159,2.35,8479744.0,784,Asia,Western Asia,AE,ARE,43103.323,21.117
United Kingdom,55.378,-3.436,281,71.7,243610.0,148000.0,11.0,44.0,London,379025.0,119.62,1.7,GBP,1.68,13.1,1.46,2827113184696.0,101.2,60.0,3.6,London,81.3,7.0,10.13,English,0.148,2.81,66834405.0,62.8,25.5,0.306,3.85,55908316.0,826,Europe,Northern Europe,GB,GBR,42300.267,5.671
United States,37.09,-95.713,36,44.4,9833517.0,1359000.0,11.6,1.0,"Washington, D.C.",5006302.0,117.24,7.5,USD,1.73,33.9,0.71,21427700000000.0,101.8,88.2,5.6,New York City,78.5,19.0,7.25,,0.111,2.61,328239523.0,62.0,9.6,0.366,14.7,270663028.0,840,Americas,Northern America,US,USA,65280.682,15.252
Uruguay,-32.523,-55.766,20,82.6,176215.0,22000.0,13.86,598.0,Montevideo,6766.0,202.92,7.9,UYU,1.97,10.7,1.5,56045912952.0,108.5,63.1,6.4,Montevideo,77.8,17.0,1.66,Spanish,0.162,5.05,3461734.0,64.0,20.1,0.418,8.73,3303394.0,858,Americas,Latin America and the Caribbean,UY,URY,16190.127,1.955
Uzbekistan,41.377,64.585,79,62.9,447400.0,68000.0,23.3,998.0,Tashkent,91811.0,,,UZS,2.42,7.5,1.03,57921286440.0,104.2,10.1,19.1,Tashkent,71.6,29.0,0.24,Uzbek,0.427,2.37,33580650.0,65.1,14.8,0.316,5.92,16935729.0,860,Asia,Central Asia,UZ,UZB,1724.841,2.734
Vanuatu,-15.377,166.959,25,15.3,12189.0,,29.6,678.0,Port Vila,147.0,117.13,2.8,VUV,3.78,36.1,1.31,917058851.0,109.3,4.7,22.3,Port Vila,70.3,72.0,1.56,French,0.089,0.17,299882.0,69.9,17.8,0.085,4.39,76152.0,548,Oceania,Melanesia,VU,VUT,3058.066,0.49
Venezuela,6.424,-66.59,32,24.5,912050.0,343000.0,17.88,58.0,Caracas,164175.0,2740.27,254.9,VED,2.27,52.7,0.0,482359318768.0,97.2,79.3,21.4,Caracas,72.1,125.0,0.01,Spanish,0.458,1.92,28515829.0,59.7,,0.733,8.8,25162368.0,862,Americas,Latin America and the Caribbean,VE,VEN,16915.493,5.757
Vietnam,14.058,108.277,314,39.3,331210.0,522000.0,16.75,84.0,Hanoi,192668.0,163.52,2.8,VND,2.05,48.1,0.8,261921244843.0,110.6,28.5,16.5,Ho Chi Minh City,75.3,43.0,0.73,Vietnamese,0.435,0.82,96462106.0,77.4,19.1,0.376,2.01,35332140.0,704,Asia,South-eastern Asia,VN,VNM,2715.276,1.997
Yemen,15.553,48.516,56,44.6,527968.0,40000.0,30.45,967.0,Sanaa,10609.0,157.58,8.1,YER,3.79,1.0,0.92,26914402224.0,93.6,10.2,42.9,Sanaa,66.1,164.0,,Arabic,0.81,0.31,29161922.0,38.0,,0.266,12.91,10869523.0,887,Asia,Western Asia,YE,YEM,922.93,0.364
Zambia,-13.134,27.849,25,32.1,752618.0,16000.0,36.19,260.0,Lusaka,5141.0,212.31,9.2,ZMW,4.63,65.2,1.4,23064722446.0,98.7,4.1,40.4,Lusaka,63.5,213.0,0.24,English,0.275,1.19,17861030.0,74.6,16.2,0.156,11.43,7871713.0,894,Africa,Sub-Saharan Africa,ZM,ZMB,1291.343,0.288
Zimbabwe,-19.015,29.155,38,41.9,390757.0,51000.0,30.68,263.0,Harare,10983.0,105.51,0.9,,3.62,35.5,1.34,21440758800.0,109.9,10.0,33.9,Harare,61.2,458.0,,Shona,0.258,0.21,14645468.0,83.1,20.7,0.316,4.95,4717305.0,716,Africa,Sub-Saharan Africa,ZW,ZWE,1463.986,0.75
